time,Import T1 kWh,Import T2 kWh,Export T1 kWh,Export T2 kWh,L1 max W,L2 max W,L3 max W
2025-01-01 00:00,23500.208,16200.000,5900.000,13800.000,86,80,109
2025-01-01 00:15,23500.549,16200.000,5900.000,13800.000,156,146,104
2025-01-01 00:30,23500.802,16200.000,5900.000,13800.000,89,123,87
2025-01-01 00:45,23501.153,16200.000,5900.000,13800.000,150,159,122
2025-01-01 01:00,23501.379,16200.000,5900.000,13800.000,123,106,88
2025-01-01 01:15,23501.653,16200.000,5900.000,13800.000,101,100,106
2025-01-01 01:30,23502.064,16200.000,5900.000,13800.000,145,189,152
2025-01-01 01:45,23502.513,16200.000,5900.000,13800.000,191,174,174
2025-01-01 02:00,23502.949,16200.000,5900.000,13800.000,197,156,132
2025-01-01 02:15,23503.376,16200.000,5900.000,13800.000,163,155,152
2025-01-01 02:30,23503.782,16200.000,5900.000,13800.000,165,164,134
2025-01-01 02:45,23504.211,16200.000,5900.000,13800.000,154,188,168
2025-01-01 03:00,23504.653,16200.000,5900.000,13800.000,178,171,172
2025-01-01 03:15,23504.980,16200.000,5900.000,13800.000,163,163,101
2025-01-01 03:30,23505.266,16200.000,5900.000,13800.000,116,103,98
2025-01-01 03:45,23505.681,16200.000,5900.000,13800.000,158,186,155
2025-01-01 04:00,23506.181,16200.000,5900.000,13800.000,190,182,164
2025-01-01 04:15,23506.589,16200.000,5900.000,13800.000,170,180,147
2025-01-01 04:30,23507.105,16200.000,5900.000,13800.000,211,185,202
2025-01-01 04:45,23507.406,16200.000,5900.000,13800.000,155,148,117
2025-01-01 05:00,23507.768,16200.000,5900.000,13800.000,155,159,124
2025-01-01 05:15,23508.233,16200.000,5900.000,13800.000,208,169,182
2025-01-01 05:30,23508.665,16200.000,5900.000,13800.000,172,158,147
2025-01-01 05:45,23509.022,16200.000,5900.000,13800.000,170,140,139
2025-01-01 06:00,23509.382,16200.000,5900.000,13800.000,166,145,148
2025-01-01 06:15,23509.668,16200.000,5900.000,13800.000,110,134,134
2025-01-01 06:30,23510.092,16200.000,5900.000,13800.000,179,149,134
2025-01-01 06:45,23510.496,16200.000,5900.000,13800.000,160,156,124
2025-01-01 07:00,23510.496,16200.124,5900.000,13800.000,89,74,41
2025-01-01 07:15,23510.496,16200.234,5900.000,13800.000,80,68,68
2025-01-01 07:30,23510.496,16200.335,5900.000,13800.000,48,69,78
2025-01-01 07:45,23510.496,16200.408,5900.000,13800.000,67,66,44
2025-01-01 08:00,23510.496,16200.490,5900.000,13800.000,42,32,45
2025-01-01 08:15,23510.496,16200.564,5900.000,13800.004,25,29,67
2025-01-01 08:30,23510.496,16200.591,5900.000,13800.034,30,13,40
2025-01-01 08:45,23510.496,16200.637,5900.000,13800.057,23,61,49
2025-01-01 09:00,23510.496,16200.638,5900.000,13800.104,26,12,6
2025-01-01 09:15,23510.496,16200.652,5900.000,13800.145,33,50,7
2025-01-01 09:30,23510.496,16200.664,5900.000,13800.200,29,50,24
2025-01-01 09:45,23510.496,16200.664,5900.000,13800.278,34,28,8
2025-01-01 10:00,23510.496,16200.664,5900.000,13800.349,4,28,35
2025-01-01 10:15,23510.496,16200.674,5900.000,13800.412,3,8,50
2025-01-01 10:30,23510.496,16200.674,5900.000,13800.512,13,25,3
2025-01-01 10:45,23510.496,16200.674,5900.000,13800.593,50,50,29
2025-01-01 11:00,23510.496,16200.691,5900.000,13800.671,55,40,47
2025-01-01 11:15,23510.496,16200.691,5900.000,13800.773,3,37,47
2025-01-01 11:30,23510.496,16200.717,5900.000,13800.853,46,39,39
2025-01-01 11:45,23510.496,16200.717,5900.000,13800.952,32,5,11
2025-01-01 12:00,23510.496,16200.727,5900.000,13801.032,28,10,39
2025-01-01 12:15,23510.496,16200.795,5900.000,13801.098,49,65,57
2025-01-01 12:30,23510.496,16200.828,5900.000,13801.179,53,56,29
2025-01-01 12:45,23510.496,16200.900,5900.000,13801.242,44,54,41
2025-01-01 13:00,23510.496,16201.016,5900.000,13801.304,79,76,40
2025-01-01 13:15,23510.496,16201.098,5900.000,13801.352,50,32,39
2025-01-01 13:30,23510.496,16201.169,5900.000,13801.409,70,44,60
2025-01-01 13:45,23510.496,16201.313,5900.000,13801.455,92,85,62
2025-01-01 14:00,23510.496,16201.376,5900.000,13801.518,37,28,24
2025-01-01 14:15,23510.496,16201.464,5900.000,13801.561,43,75,47
2025-01-01 14:30,23510.496,16201.649,5900.000,13801.563,95,80,58
2025-01-01 14:45,23510.496,16201.814,5900.000,13801.564,57,78,98
2025-01-01 15:00,23510.496,16202.033,5900.000,13801.564,104,111,110
2025-01-01 15:15,23510.496,16202.139,5900.000,13801.574,81,46,65
2025-01-01 15:30,23510.496,16202.289,5900.000,13801.574,79,60,46
2025-01-01 15:45,23510.496,16202.481,5900.000,13801.574,69,89,70
2025-01-01 16:00,23510.496,16202.644,5900.000,13801.574,91,82,87
2025-01-01 16:15,23510.496,16202.821,5900.000,13801.574,71,72,79
2025-01-01 16:30,23510.496,16202.975,5900.000,13801.574,79,95,93
2025-01-01 16:45,23510.496,16203.083,5900.000,13801.574,43,61,34
2025-01-01 17:00,23510.496,16203.182,5900.000,13801.574,63,56,48
2025-01-01 17:15,23510.496,16203.318,5900.000,13801.574,89,59,65
2025-01-01 17:30,23510.496,16203.445,5900.000,13801.574,61,66,79
2025-01-01 17:45,23510.496,16203.553,5900.000,13801.574,58,38,39
2025-01-01 18:00,23510.496,16203.631,5900.000,13801.574,43,29,29
2025-01-01 18:15,23510.496,16203.710,5900.000,13801.574,54,65,55
2025-01-01 18:30,23510.496,16203.812,5900.000,13801.574,37,80,57
2025-01-01 18:45,23510.496,16203.914,5900.000,13801.574,81,82,77
2025-01-01 19:00,23510.496,16203.987,5900.000,13801.574,67,46,61
2025-01-01 19:15,23510.496,16204.085,5900.000,13801.574,53,66,48
2025-01-01 19:30,23510.496,16204.159,5900.000,13801.574,61,34,34
2025-01-01 19:45,23510.496,16204.269,5900.000,13801.574,49,77,68
2025-01-01 20:00,23510.496,16204.363,5900.000,13801.574,50,45,55
2025-01-01 20:15,23510.496,16204.466,5900.000,13801.574,64,64,74
2025-01-01 20:30,23510.496,16204.570,5900.000,13801.574,86,83,40
2025-01-01 20:45,23510.496,16204.668,5900.000,13801.574,73,55,34
2025-01-01 21:00,23510.496,16204.807,5900.000,13801.574,62,60,50
2025-01-01 21:15,23510.496,16204.918,5900.000,13801.574,87,42,62
2025-01-01 21:30,23510.496,16205.069,5900.000,13801.574,96,76,76
2025-01-01 21:45,23510.496,16205.187,5900.000,13801.574,89,90,41
2025-01-01 22:00,23510.496,16205.319,5900.000,13801.574,90,79,68
2025-01-01 22:15,23510.496,16205.631,5900.000,13801.574,138,117,122
2025-01-01 22:30,23510.496,16206.116,5900.000,13801.574,217,197,184
2025-01-01 22:45,23510.496,16206.588,5900.000,13801.574,200,193,151
2025-01-01 23:00,23510.879,16206.588,5900.000,13801.574,148,173,131
2025-01-01 23:15,23511.277,16206.588,5900.000,13801.574,156,167,123
2025-01-01 23:30,23511.611,16206.588,5900.000,13801.574,150,121,108
2025-01-01 23:45,23511.982,16206.588,5900.000,13801.574,142,133,137
2025-01-02 00:00,23512.281,16206.588,5900.000,13801.574,117,130,113
2025-01-02 00:15,23512.594,16206.588,5900.000,13801.574,157,145,117
2025-01-02 00:30,23512.979,16206.588,5900.000,13801.574,158,160,149
2025-01-02 00:45,23513.301,16206.588,5900.000,13801.574,126,143,110
2025-01-02 01:00,23513.620,16206.588,5900.000,13801.574,153,154,120
2025-01-02 01:15,23514.018,16206.588,5900.000,13801.574,178,173,120
2025-01-02 01:30,23514.376,16206.588,5900.000,13801.574,130,166,134
2025-01-02 01:45,23514.718,16206.588,5900.000,13801.574,143,139,115
2025-01-02 02:00,23515.041,16206.588,5900.000,13801.574,130,161,123
2025-01-02 02:15,23515.317,16206.588,5900.000,13801.574,130,99,104
2025-01-02 02:30,23515.595,16206.588,5900.000,13801.574,99,145,84
2025-01-02 02:45,23515.908,16206.588,5900.000,13801.574,118,124,102
2025-01-02 03:00,23516.207,16206.588,5900.000,13801.574,133,148,105
2025-01-02 03:15,23516.522,16206.588,5900.000,13801.574,157,155,101
2025-01-02 03:30,23516.839,16206.588,5900.000,13801.574,147,111,114
2025-01-02 03:45,23517.336,16206.588,5900.000,13801.574,218,185,153
2025-01-02 04:00,23517.815,16206.588,5900.000,13801.574,211,216,162
2025-01-02 04:15,23518.238,16206.588,5900.000,13801.574,184,198,128
2025-01-02 04:30,23518.618,16206.588,5900.000,13801.574,165,174,135
2025-01-02 04:45,23518.993,16206.588,5900.000,13801.574,158,154,152
2025-01-02 05:00,23519.372,16206.588,5900.000,13801.574,143,178,146
2025-01-02 05:15,23519.702,16206.588,5900.000,13801.574,149,164,128
2025-01-02 05:30,23520.150,16206.588,5900.000,13801.574,177,172,139
2025-01-02 05:45,23520.507,16206.588,5900.000,13801.574,160,163,148
2025-01-02 06:00,23520.764,16206.588,5900.000,13801.574,101,121,90
2025-01-02 06:15,23521.063,16206.588,5900.000,13801.574,142,148,106
2025-01-02 06:30,23521.405,16206.588,5900.000,13801.574,134,165,128
2025-01-02 06:45,23521.785,16206.588,5900.000,13801.574,174,178,145
2025-01-02 07:00,23521.785,16206.672,5900.000,13801.574,54,73,40
2025-01-02 07:15,23521.785,16206.787,5900.000,13801.574,72,61,61
2025-01-02 07:30,23521.785,16206.887,5900.000,13801.574,64,52,49
2025-01-02 07:45,23521.785,16206.957,5900.000,13801.574,31,71,54
2025-01-02 08:00,23521.785,16207.044,5900.000,13801.576,77,60,42
2025-01-02 08:15,23521.785,16207.131,5900.000,13801.583,48,36,38
2025-01-02 08:30,23521.785,16207.172,5900.000,13801.603,59,48,20
2025-01-02 08:45,23521.785,16207.233,5900.000,13801.623,65,29,58
2025-01-02 09:00,23521.785,16207.238,5900.000,13801.675,37,19,31
2025-01-02 09:15,23521.785,16207.238,5900.000,13801.730,16,30,7
2025-01-02 09:30,23521.785,16207.238,5900.000,13801.795,40,43,3
2025-01-02 09:45,23521.785,16207.257,5900.000,13801.849,11,21,12
2025-01-02 10:00,23521.785,16207.257,5900.000,13801.926,39,14,49
2025-01-02 10:15,23521.785,16207.257,5900.000,13802.006,37,27,19
2025-01-02 10:30,23521.785,16207.257,5900.000,13802.102,6,48,13
2025-01-02 10:45,23521.785,16207.257,5900.000,13802.193,15,11,35
2025-01-02 11:00,23521.785,16207.257,5900.000,13802.273,38,30,18
2025-01-02 11:15,23521.785,16207.264,5900.000,13802.346,31,6,45
2025-01-02 11:30,23521.785,16207.266,5900.000,13802.430,37,42,12
2025-01-02 11:45,23521.785,16207.293,5900.000,13802.514,26,18,11
2025-01-02 12:00,23521.785,16207.379,5900.000,13802.570,66,48,53
2025-01-02 12:15,23521.785,16207.464,5900.000,13802.629,46,61,59
2025-01-02 12:30,23521.785,16207.474,5900.000,13802.712,30,50,22
2025-01-02 12:45,23521.785,16207.482,5900.000,13802.798,46,39,39
2025-01-02 13:00,23521.785,16207.604,5900.000,13802.863,59,78,38
2025-01-02 13:15,23521.785,16207.648,5900.000,13802.940,43,32,23
2025-01-02 13:30,23521.785,16207.727,5900.000,13803.011,32,57,45
2025-01-02 13:45,23521.785,16207.831,5900.000,13803.053,46,57,57
2025-01-02 14:00,23521.785,16207.929,5900.000,13803.101,82,69,31
2025-01-02 14:15,23521.785,16208.050,5900.000,13803.130,91,67,68
2025-01-02 14:30,23521.785,16208.123,5900.000,13803.175,54,51,24
2025-01-02 14:45,23521.785,16208.276,5900.000,13803.181,93,81,93
2025-01-02 15:00,23521.785,16208.423,5900.000,13803.181,69,79,88
2025-01-02 15:15,23521.785,16208.530,5900.000,13803.192,52,82,42
2025-01-02 15:30,23521.785,16208.642,5900.000,13803.193,53,46,62
2025-01-02 15:45,23521.785,16208.809,5900.000,13803.193,103,76,81
2025-01-02 16:00,23521.785,16208.949,5900.000,13803.193,79,64,71
2025-01-02 16:15,23521.785,16209.081,5900.000,13803.193,78,93,47
2025-01-02 16:30,23521.785,16209.196,5900.000,13803.193,66,61,84
2025-01-02 16:45,23521.785,16209.347,5900.000,13803.193,71,89,82
2025-01-02 17:00,23521.785,16209.465,5900.000,13803.193,75,71,57
2025-01-02 17:15,23521.785,16209.594,5900.000,13803.193,65,57,82
2025-01-02 17:30,23521.785,16209.690,5900.000,13803.193,59,35,49
2025-01-02 17:45,23521.785,16209.800,5900.000,13803.193,62,80,82
2025-01-02 18:00,23521.785,16209.918,5900.000,13803.193,43,49,67
2025-01-02 18:15,23521.785,16209.995,5900.000,13803.193,55,33,56
2025-01-02 18:30,23521.785,16210.054,5900.000,13803.193,61,29,21
2025-01-02 18:45,23521.785,16210.158,5900.000,13803.193,80,61,72
2025-01-02 19:00,23521.785,16210.229,5900.000,13803.193,59,49,41
2025-01-02 19:15,23521.785,16210.329,5900.000,13803.193,68,36,68
2025-01-02 19:30,23521.785,16210.418,5900.000,13803.193,45,78,31
2025-01-02 19:45,23521.785,16210.484,5900.000,13803.193,28,50,29
2025-01-02 20:00,23521.785,16210.598,5900.000,13803.193,89,42,52
2025-01-02 20:15,23521.785,16210.691,5900.000,13803.193,58,68,71
2025-01-02 20:30,23521.785,16210.775,5900.000,13803.193,53,68,68
2025-01-02 20:45,23521.785,16210.916,5900.000,13803.193,78,89,58
2025-01-02 21:00,23521.785,16211.049,5900.000,13803.193,75,64,83
2025-01-02 21:15,23521.785,16211.147,5900.000,13803.193,71,53,69
2025-01-02 21:30,23521.785,16211.303,5900.000,13803.193,73,66,70
2025-01-02 21:45,23521.785,16211.417,5900.000,13803.193,61,75,52
2025-01-02 22:00,23521.785,16211.556,5900.000,13803.193,90,73,58
2025-01-02 22:15,23521.785,16212.004,5900.000,13803.193,159,194,181
2025-01-02 22:30,23521.785,16212.470,5900.000,13803.193,177,201,161
2025-01-02 22:45,23521.785,16212.781,5900.000,13803.193,156,154,142
2025-01-02 23:00,23522.253,16212.781,5900.000,13803.193,203,204,142
2025-01-02 23:15,23522.632,16212.781,5900.000,13803.193,178,140,118
2025-01-02 23:30,23522.988,16212.781,5900.000,13803.193,136,132,156
2025-01-02 23:45,23523.500,16212.781,5900.000,13803.193,196,189,169
2025-01-03 00:00,23523.869,16212.781,5900.000,13803.193,147,176,131
2025-01-03 00:15,23524.161,16212.781,5900.000,13803.193,150,116,130
2025-01-03 00:30,23524.554,16212.781,5900.000,13803.193,172,160,122
2025-01-03 00:45,23524.775,16212.781,5900.000,13803.193,106,100,109
2025-01-03 01:00,23525.051,16212.781,5900.000,13803.193,136,119,88
2025-01-03 01:15,23525.376,16212.781,5900.000,13803.193,148,133,136
2025-01-03 01:30,23525.627,16212.781,5900.000,13803.193,131,106,116
2025-01-03 01:45,23525.901,16212.781,5900.000,13803.193,114,126,89
2025-01-03 02:00,23526.342,16212.781,5900.000,13803.193,183,177,174
2025-01-03 02:15,23526.753,16212.781,5900.000,13803.193,180,190,169
2025-01-03 02:30,23527.109,16212.781,5900.000,13803.193,155,163,132
2025-01-03 02:45,23527.441,16212.781,5900.000,13803.193,129,144,127
2025-01-03 03:00,23527.912,16212.781,5900.000,13803.193,207,187,175
2025-01-03 03:15,23528.340,16212.781,5900.000,13803.193,166,161,135
2025-01-03 03:30,23528.814,16212.781,5900.000,13803.193,179,207,182
2025-01-03 03:45,23529.099,16212.781,5900.000,13803.193,114,107,135
2025-01-03 04:00,23529.395,16212.781,5900.000,13803.193,116,140,101
2025-01-03 04:15,23529.731,16212.781,5900.000,13803.193,167,155,100
2025-01-03 04:30,23530.243,16212.781,5900.000,13803.193,213,195,164
2025-01-03 04:45,23530.723,16212.781,5900.000,13803.193,189,217,193
2025-01-03 05:00,23531.070,16212.781,5900.000,13803.193,124,129,151
2025-01-03 05:15,23531.364,16212.781,5900.000,13803.193,130,151,111
2025-01-03 05:30,23531.651,16212.781,5900.000,13803.193,139,102,132
2025-01-03 05:45,23532.100,16212.781,5900.000,13803.193,185,197,135
2025-01-03 06:00,23532.454,16212.781,5900.000,13803.193,166,129,137
2025-01-03 06:15,23532.791,16212.781,5900.000,13803.193,138,156,110
2025-01-03 06:30,23533.085,16212.781,5900.000,13803.193,137,147,108
2025-01-03 06:45,23533.433,16212.781,5900.000,13803.193,153,159,131
2025-01-03 07:00,23533.433,16212.915,5900.000,13803.193,87,95,75
2025-01-03 07:15,23533.433,16213.004,5900.000,13803.193,45,57,47
2025-01-03 07:30,23533.433,16213.097,5900.000,13803.193,52,59,47
2025-01-03 07:45,23533.433,16213.179,5900.000,13803.193,58,32,29
2025-01-03 08:00,23533.433,16213.227,5900.000,13803.205,63,39,22
2025-01-03 08:15,23533.433,16213.293,5900.000,13803.215,44,65,26
2025-01-03 08:30,23533.433,16213.362,5900.000,13803.231,50,69,23
2025-01-03 08:45,23533.433,16213.385,5900.000,13803.269,44,40,19
2025-01-03 09:00,23533.433,16213.410,5900.000,13803.305,30,43,30
2025-01-03 09:15,23533.433,16213.416,5900.000,13803.348,29,37,50
2025-01-03 09:30,23533.433,16213.416,5900.000,13803.415,1,38,42
2025-01-03 09:45,23533.433,16213.416,5900.000,13803.491,44,48,19
2025-01-03 10:00,23533.433,16213.416,5900.000,13803.577,9,36,42
2025-01-03 10:15,23533.433,16213.416,5900.000,13803.658,1,5,47
2025-01-03 10:30,23533.433,16213.416,5900.000,13803.744,10,23,19
2025-01-03 10:45,23533.433,16213.416,5900.000,13803.834,5,3,9
2025-01-03 11:00,23533.433,16213.434,5900.000,13803.907,23,34,47
2025-01-03 11:15,23533.433,16213.445,5900.000,13803.990,16,51,35
2025-01-03 11:30,23533.433,16213.468,5900.000,13804.061,51,45,37
2025-01-03 11:45,23533.433,16213.468,5900.000,13804.151,38,3,0
2025-01-03 12:00,23533.433,16213.561,5900.000,13804.211,80,48,45
2025-01-03 12:15,23533.433,16213.561,5900.000,13804.300,11,8,24
2025-01-03 12:30,23533.433,16213.586,5900.000,13804.384,50,30,11
2025-01-03 12:45,23533.433,16213.692,5900.000,13804.441,66,41,51
2025-01-03 13:00,23533.433,16213.782,5900.000,13804.505,57,49,34
2025-01-03 13:15,23533.433,16213.948,5900.000,13804.538,97,87,93
2025-01-03 13:30,23533.433,16213.985,5900.000,13804.619,27,39,48
2025-01-03 13:45,23533.433,16214.055,5900.000,13804.674,71,45,35
2025-01-03 14:00,23533.433,16214.151,5900.000,13804.713,40,66,60
2025-01-03 14:15,23533.433,16214.350,5900.000,13804.717,110,78,74
2025-01-03 14:30,23533.433,16214.483,5900.000,13804.731,55,94,88
2025-01-03 14:45,23533.433,16214.595,5900.000,13804.755,70,68,81
2025-01-03 15:00,23533.433,16214.771,5900.000,13804.755,97,102,92
2025-01-03 15:15,23533.433,16214.906,5900.000,13804.764,67,56,68
2025-01-03 15:30,23533.433,16215.063,5900.000,13804.764,71,91,49
2025-01-03 15:45,23533.433,16215.179,5900.000,13804.764,42,43,57
2025-01-03 16:00,23533.433,16215.289,5900.000,13804.764,43,77,70
2025-01-03 16:15,23533.433,16215.427,5900.000,13804.764,98,95,43
2025-01-03 16:30,23533.433,16215.586,5900.000,13804.764,75,93,77
2025-01-03 16:45,23533.433,16215.747,5900.000,13804.764,77,101,53
2025-01-03 17:00,23533.433,16215.843,5900.000,13804.764,61,61,61
2025-01-03 17:15,23533.433,16215.931,5900.000,13804.764,48,54,52
2025-01-03 17:30,23533.433,16216.046,5900.000,13804.764,80,81,55
2025-01-03 17:45,23533.433,16216.120,5900.000,13804.764,43,41,68
2025-01-03 18:00,23533.433,16216.237,5900.000,13804.764,49,61,40
2025-01-03 18:15,23533.433,16216.305,5900.000,13804.764,64,67,62
2025-01-03 18:30,23533.433,16216.392,5900.000,13804.764,49,65,50
2025-01-03 18:45,23533.433,16216.465,5900.000,13804.764,69,72,64
2025-01-03 19:00,23533.433,16216.525,5900.000,13804.764,53,44,19
2025-01-03 19:15,23533.433,16216.591,5900.000,13804.764,71,53,31
2025-01-03 19:30,23533.433,16216.656,5900.000,13804.764,72,28,51
2025-01-03 19:45,23533.433,16216.759,5900.000,13804.764,38,78,52
2025-01-03 20:00,23533.433,16216.857,5900.000,13804.764,43,44,40
2025-01-03 20:15,23533.433,16216.971,5900.000,13804.764,49,85,62
2025-01-03 20:30,23533.433,16217.067,5900.000,13804.764,61,72,46
2025-01-03 20:45,23533.433,16217.199,5900.000,13804.764,61,65,89
2025-01-03 21:00,23533.433,16217.345,5900.000,13804.764,87,79,72
2025-01-03 21:15,23533.433,16217.497,5900.000,13804.764,79,63,57
2025-01-03 21:30,23533.433,16217.607,5900.000,13804.764,79,68,55
2025-01-03 21:45,23533.433,16217.721,5900.000,13804.764,46,57,39
2025-01-03 22:00,23533.433,16217.858,5900.000,13804.764,56,74,46
2025-01-03 22:15,23533.433,16218.164,5900.000,13804.764,129,108,117
2025-01-03 22:30,23533.433,16218.539,5900.000,13804.764,136,154,126
2025-01-03 22:45,23533.433,16219.021,5900.000,13804.764,209,189,194
2025-01-03 23:00,23533.714,16219.021,5900.000,13804.764,128,142,92
2025-01-03 23:15,23534.100,16219.021,5900.000,13804.764,140,136,131
2025-01-03 23:30,23534.414,16219.021,5900.000,13804.764,147,142,121
2025-01-03 23:45,23534.762,16219.021,5900.000,13804.764,124,136,130
2025-01-04 00:00,23535.075,16219.021,5900.000,13804.764,140,147,127
2025-01-04 00:15,23535.375,16219.021,5900.000,13804.764,114,123,117
2025-01-04 00:30,23535.653,16219.021,5900.000,13804.764,108,139,125
2025-01-04 00:45,23536.055,16219.021,5900.000,13804.764,173,174,152
2025-01-04 01:00,23536.378,16219.021,5900.000,13804.764,143,115,136
2025-01-04 01:15,23536.683,16219.021,5900.000,13804.764,128,156,95
2025-01-04 01:30,23537.071,16219.021,5900.000,13804.764,184,172,163
2025-01-04 01:45,23537.343,16219.021,5900.000,13804.764,116,136,92
2025-01-04 02:00,23537.742,16219.021,5900.000,13804.764,169,179,130
2025-01-04 02:15,23538.013,16219.021,5900.000,13804.764,123,96,99
2025-01-04 02:30,23538.453,16219.021,5900.000,13804.764,174,173,164
2025-01-04 02:45,23538.908,16219.021,5900.000,13804.764,161,207,177
2025-01-04 03:00,23539.263,16219.021,5900.000,13804.764,165,145,123
2025-01-04 03:15,23539.626,16219.021,5900.000,13804.764,173,154,132
2025-01-04 03:30,23539.948,16219.021,5900.000,13804.764,135,145,113
2025-01-04 03:45,23540.402,16219.021,5900.000,13804.764,196,169,170
2025-01-04 04:00,23540.707,16219.021,5900.000,13804.764,124,125,119
2025-01-04 04:15,23541.088,16219.021,5900.000,13804.764,155,161,116
2025-01-04 04:30,23541.583,16219.021,5900.000,13804.764,200,190,188
2025-01-04 04:45,23542.082,16219.021,5900.000,13804.764,214,199,172
2025-01-04 05:00,23542.529,16219.021,5900.000,13804.764,157,165,172
2025-01-04 05:15,23542.897,16219.021,5900.000,13804.764,143,177,151
2025-01-04 05:30,23543.246,16219.021,5900.000,13804.764,160,131,147
2025-01-04 05:45,23543.585,16219.021,5900.000,13804.764,122,154,109
2025-01-04 06:00,23543.922,16219.021,5900.000,13804.764,132,124,101
2025-01-04 06:15,23544.271,16219.021,5900.000,13804.764,157,129,120
2025-01-04 06:30,23544.652,16219.021,5900.000,13804.764,172,151,158
2025-01-04 06:45,23544.979,16219.021,5900.000,13804.764,118,142,109
2025-01-04 07:00,23545.093,16219.021,5900.000,13804.764,83,60,76
2025-01-04 07:15,23545.174,16219.021,5900.000,13804.764,47,38,69
2025-01-04 07:30,23545.284,16219.021,5900.000,13804.764,61,70,47
2025-01-04 07:45,23545.358,16219.021,5900.000,13804.764,76,57,23
2025-01-04 08:00,23545.443,16219.021,5900.000,13804.764,64,37,64
2025-01-04 08:15,23545.472,16219.021,5900.023,13804.764,55,56,38
2025-01-04 08:30,23545.532,16219.021,5900.042,13804.764,24,28,37
2025-01-04 08:45,23545.555,16219.021,5900.078,13804.764,30,16,56
2025-01-04 09:00,23545.575,16219.021,5900.120,13804.764,14,33,37
2025-01-04 09:15,23545.575,16219.021,5900.184,13804.764,9,19,10
2025-01-04 09:30,23545.604,16219.021,5900.226,13804.764,43,28,13
2025-01-04 09:45,23545.610,16219.021,5900.284,13804.764,9,41,20
2025-01-04 10:00,23545.610,16219.021,5900.367,13804.764,37,37,9
2025-01-04 10:15,23545.614,16219.021,5900.435,13804.764,22,37,3
2025-01-04 10:30,23545.614,16219.021,5900.532,13804.764,41,49,36
2025-01-04 10:45,23545.614,16219.021,5900.615,13804.764,39,40,1
2025-01-04 11:00,23545.615,16219.021,5900.698,13804.764,19,30,15
2025-01-04 11:15,23545.615,16219.021,5900.794,13804.764,4,44,3
2025-01-04 11:30,23545.634,16219.021,5900.869,13804.764,27,44,14
2025-01-04 11:45,23545.683,16219.021,5900.943,13804.764,39,42,22
2025-01-04 12:00,23545.700,16219.021,5901.034,13804.764,20,34,12
2025-01-04 12:15,23545.729,16219.021,5901.107,13804.764,28,34,47
2025-01-04 12:30,23545.844,16219.021,5901.167,13804.764,60,76,80
2025-01-04 12:45,23545.957,16219.021,5901.219,13804.764,71,68,65
2025-01-04 13:00,23546.022,16219.021,5901.293,13804.764,47,54,48
2025-01-04 13:15,23546.060,16219.021,5901.375,13804.764,16,31,42
2025-01-04 13:30,23546.214,16219.021,5901.415,13804.764,71,87,46
2025-01-04 13:45,23546.314,16219.021,5901.471,13804.764,80,57,77
2025-01-04 14:00,23546.389,16219.021,5901.515,13804.764,61,38,45
2025-01-04 14:15,23546.472,16219.021,5901.557,13804.764,77,64,41
2025-01-04 14:30,23546.633,16219.021,5901.577,13804.764,64,62,73
2025-01-04 14:45,23546.854,16219.021,5901.577,13804.764,100,125,75
2025-01-04 15:00,23547.025,16219.021,5901.577,13804.764,61,61,59
2025-01-04 15:15,23547.219,16219.021,5901.577,13804.764,76,105,90
2025-01-04 15:30,23547.423,16219.021,5901.577,13804.764,96,110,108
2025-01-04 15:45,23547.585,16219.021,5901.577,13804.764,88,90,79
2025-01-04 16:00,23547.715,16219.021,5901.577,13804.764,68,66,82
2025-01-04 16:15,23547.850,16219.021,5901.577,13804.764,93,91,80
2025-01-04 16:30,23547.983,16219.021,5901.577,13804.764,96,95,76
2025-01-04 16:45,23548.126,16219.021,5901.577,13804.764,60,83,82
2025-01-04 17:00,23548.264,16219.021,5901.577,13804.764,91,63,43
2025-01-04 17:15,23548.389,16219.021,5901.577,13804.764,71,63,63
2025-01-04 17:30,23548.505,16219.021,5901.577,13804.764,89,79,64
2025-01-04 17:45,23548.616,16219.021,5901.577,13804.764,46,71,46
2025-01-04 18:00,23548.735,16219.021,5901.577,13804.764,65,61,46
2025-01-04 18:15,23548.823,16219.021,5901.577,13804.764,73,79,72
2025-01-04 18:30,23548.921,16219.021,5901.577,13804.764,64,46,44
2025-01-04 18:45,23548.992,16219.021,5901.577,13804.764,43,73,39
2025-01-04 19:00,23549.081,16219.021,5901.577,13804.764,61,53,61
2025-01-04 19:15,23549.176,16219.021,5901.577,13804.764,40,69,71
2025-01-04 19:30,23549.279,16219.021,5901.577,13804.764,57,84,39
2025-01-04 19:45,23549.354,16219.021,5901.577,13804.764,48,54,63
2025-01-04 20:00,23549.445,16219.021,5901.577,13804.764,65,48,62
2025-01-04 20:15,23549.521,16219.021,5901.577,13804.764,63,41,37
2025-01-04 20:30,23549.651,16219.021,5901.577,13804.764,59,48,45
2025-01-04 20:45,23549.779,16219.021,5901.577,13804.764,93,52,38
2025-01-04 21:00,23549.935,16219.021,5901.577,13804.764,95,84,76
2025-01-04 21:15,23550.086,16219.021,5901.577,13804.764,70,93,48
2025-01-04 21:30,23550.191,16219.021,5901.577,13804.764,70,83,77
2025-01-04 21:45,23550.299,16219.021,5901.577,13804.764,63,48,34
2025-01-04 22:00,23550.448,16219.021,5901.577,13804.764,99,70,46
2025-01-04 22:15,23550.830,16219.021,5901.577,13804.764,154,151,143
2025-01-04 22:30,23551.215,16219.021,5901.577,13804.764,142,166,144
2025-01-04 22:45,23551.668,16219.021,5901.577,13804.764,204,187,176
2025-01-04 23:00,23551.984,16219.021,5901.577,13804.764,160,128,130
2025-01-04 23:15,23552.305,16219.021,5901.577,13804.764,152,137,123
2025-01-04 23:30,23552.603,16219.021,5901.577,13804.764,115,112,119
2025-01-04 23:45,23552.942,16219.021,5901.577,13804.764,133,146,149
2025-01-05 00:00,23553.204,16219.021,5901.577,13804.764,127,91,94
2025-01-05 00:15,23553.536,16219.021,5901.577,13804.764,123,145,118
2025-01-05 00:30,23553.875,16219.021,5901.577,13804.764,163,167,120
2025-01-05 00:45,23554.213,16219.021,5901.577,13804.764,141,157,115
2025-01-05 01:00,23554.464,16219.021,5901.577,13804.764,134,125,98
2025-01-05 01:15,23554.805,16219.021,5901.577,13804.764,153,161,115
2025-01-05 01:30,23555.181,16219.021,5901.577,13804.764,181,136,146
2025-01-05 01:45,23555.574,16219.021,5901.577,13804.764,173,144,120
2025-01-05 02:00,23556.019,16219.021,5901.577,13804.764,189,164,143
2025-01-05 02:15,23556.390,16219.021,5901.577,13804.764,143,175,148
2025-01-05 02:30,23556.856,16219.021,5901.577,13804.764,165,191,147
2025-01-05 02:45,23557.228,16219.021,5901.577,13804.764,159,173,130
2025-01-05 03:00,23557.592,16219.021,5901.577,13804.764,174,140,146
2025-01-05 03:15,23557.968,16219.021,5901.577,13804.764,165,134,116
2025-01-05 03:30,23558.358,16219.021,5901.577,13804.764,147,185,125
2025-01-05 03:45,23558.872,16219.021,5901.577,13804.764,205,202,178
2025-01-05 04:00,23559.372,16219.021,5901.577,13804.764,180,218,192
2025-01-05 04:15,23559.684,16219.021,5901.577,13804.764,115,119,127
2025-01-05 04:30,23559.992,16219.021,5901.577,13804.764,107,155,93
2025-01-05 04:45,23560.377,16219.021,5901.577,13804.764,161,168,139
2025-01-05 05:00,23560.706,16219.021,5901.577,13804.764,132,127,144
2025-01-05 05:15,23560.981,16219.021,5901.577,13804.764,135,145,83
2025-01-05 05:30,23561.259,16219.021,5901.577,13804.764,125,135,126
2025-01-05 05:45,23561.527,16219.021,5901.577,13804.764,118,121,94
2025-01-05 06:00,23561.940,16219.021,5901.577,13804.764,152,176,141
2025-01-05 06:15,23562.377,16219.021,5901.577,13804.764,188,190,179
2025-01-05 06:30,23562.679,16219.021,5901.577,13804.764,114,147,123
2025-01-05 06:45,23562.969,16219.021,5901.577,13804.764,138,148,97
2025-01-05 07:00,23563.083,16219.021,5901.577,13804.764,61,80,76
2025-01-05 07:15,23563.193,16219.021,5901.577,13804.764,64,47,52
2025-01-05 07:30,23563.307,16219.021,5901.577,13804.764,53,58,79
2025-01-05 07:45,23563.396,16219.021,5901.577,13804.764,56,56,61
2025-01-05 08:00,23563.468,16219.021,5901.580,13804.764,46,66,26
2025-01-05 08:15,23563.543,16219.021,5901.591,13804.764,72,38,25
2025-01-05 08:30,23563.603,16219.021,5901.607,13804.764,25,33,66
2025-01-05 08:45,23563.640,16219.021,5901.637,13804.764,25,33,29
2025-01-05 09:00,23563.640,16219.021,5901.697,13804.764,47,7,47
2025-01-05 09:15,23563.640,16219.021,5901.758,13804.764,38,45,13
2025-01-05 09:30,23563.640,16219.021,5901.817,13804.764,18,24,29
2025-01-05 09:45,23563.640,16219.021,5901.884,13804.764,32,31,29
2025-01-05 10:00,23563.668,16219.021,5901.937,13804.764,29,22,31
2025-01-05 10:15,23563.668,16219.021,5902.019,13804.764,47,9,1
2025-01-05 10:30,23563.689,16219.021,5902.086,13804.764,33,25,15
2025-01-05 10:45,23563.689,16219.021,5902.166,13804.764,15,31,35
2025-01-05 11:00,23563.689,16219.021,5902.254,13804.764,31,46,41
2025-01-05 11:15,23563.689,16219.021,5902.356,13804.764,22,10,8
2025-01-05 11:30,23563.689,16219.021,5902.458,13804.764,34,41,3
2025-01-05 11:45,23563.737,16219.021,5902.533,13804.764,58,19,62
2025-01-05 12:00,23563.758,16219.021,5902.606,13804.764,11,52,15
2025-01-05 12:15,23563.830,16219.021,5902.664,13804.764,64,65,63
2025-01-05 12:30,23563.907,16219.021,5902.746,13804.764,28,27,57
2025-01-05 12:45,23563.917,16219.021,5902.833,13804.764,20,37,20
2025-01-05 13:00,23564.069,16219.021,5902.866,13804.764,64,59,51
2025-01-05 13:15,23564.132,16219.021,5902.932,13804.764,38,44,36
2025-01-05 13:30,23564.174,16219.021,5903.009,13804.764,43,50,27
2025-01-05 13:45,23564.239,16219.021,5903.078,13804.764,27,63,60
2025-01-05 14:00,23564.307,16219.021,5903.132,13804.764,58,53,23
2025-01-05 14:15,23564.477,16219.021,5903.151,13804.764,86,100,100
2025-01-05 14:30,23564.699,16219.021,5903.151,13804.764,110,79,80
2025-01-05 14:45,23564.910,16219.021,5903.151,13804.764,103,90,65
2025-01-05 15:00,23565.091,16219.021,5903.154,13804.764,97,99,96
2025-01-05 15:15,23565.302,16219.021,5903.154,13804.764,86,110,72
2025-01-05 15:30,23565.481,16219.021,5903.154,13804.764,66,81,63
2025-01-05 15:45,23565.642,16219.021,5903.154,13804.764,99,90,69
2025-01-05 16:00,23565.812,16219.021,5903.154,13804.764,103,105,56
2025-01-05 16:15,23565.994,16219.021,5903.154,13804.764,90,77,58
2025-01-05 16:30,23566.150,16219.021,5903.154,13804.764,79,103,66
2025-01-05 16:45,23566.259,16219.021,5903.154,13804.764,69,52,54
2025-01-05 17:00,23566.369,16219.021,5903.154,13804.764,75,80,56
2025-01-05 17:15,23566.488,16219.021,5903.154,13804.764,86,45,40
2025-01-05 17:30,23566.585,16219.021,5903.154,13804.764,42,80,52
2025-01-05 17:45,23566.660,16219.021,5903.154,13804.764,45,54,45
2025-01-05 18:00,23566.729,16219.021,5903.154,13804.764,51,52,55
2025-01-05 18:15,23566.811,16219.021,5903.154,13804.764,50,63,29
2025-01-05 18:30,23566.908,16219.021,5903.154,13804.764,33,51,55
2025-01-05 18:45,23566.969,16219.021,5903.154,13804.764,36,57,51
2025-01-05 19:00,23567.043,16219.021,5903.154,13804.764,44,42,53
2025-01-05 19:15,23567.108,16219.021,5903.154,13804.764,41,52,69
2025-01-05 19:30,23567.178,16219.021,5903.154,13804.764,64,55,59
2025-01-05 19:45,23567.262,16219.021,5903.154,13804.764,29,54,46
2025-01-05 20:00,23567.347,16219.021,5903.154,13804.764,57,50,52
2025-01-05 20:15,23567.466,16219.021,5903.154,13804.764,49,60,55
2025-01-05 20:30,23567.583,16219.021,5903.154,13804.764,51,65,55
2025-01-05 20:45,23567.709,16219.021,5903.154,13804.764,80,94,52
2025-01-05 21:00,23567.814,16219.021,5903.154,13804.764,59,43,67
2025-01-05 21:15,23567.984,16219.021,5903.154,13804.764,108,94,51
2025-01-05 21:30,23568.121,16219.021,5903.154,13804.764,75,65,85
2025-01-05 21:45,23568.301,16219.021,5903.154,13804.764,106,94,62
2025-01-05 22:00,23568.435,16219.021,5903.154,13804.764,91,73,90
2025-01-05 22:15,23568.791,16219.021,5903.154,13804.764,161,149,140
2025-01-05 22:30,23569.261,16219.021,5903.154,13804.764,198,166,190
2025-01-05 22:45,23569.690,16219.021,5903.154,13804.764,188,190,133
2025-01-05 23:00,23570.020,16219.021,5903.154,13804.764,125,156,137
2025-01-05 23:15,23570.527,16219.021,5903.154,13804.764,202,225,173
2025-01-05 23:30,23570.908,16219.021,5903.154,13804.764,149,147,146
2025-01-05 23:45,23571.321,16219.021,5903.154,13804.764,158,172,146
2025-01-06 00:00,23571.660,16219.021,5903.154,13804.764,150,127,123
2025-01-06 00:15,23571.955,16219.021,5903.154,13804.764,108,110,134
2025-01-06 00:30,23572.225,16219.021,5903.154,13804.764,107,127,111
2025-01-06 00:45,23572.462,16219.021,5903.154,13804.764,111,103,75
2025-01-06 01:00,23572.843,16219.021,5903.154,13804.764,154,174,120
2025-01-06 01:15,23573.107,16219.021,5903.154,13804.764,107,125,90
2025-01-06 01:30,23573.413,16219.021,5903.154,13804.764,135,120,116
2025-01-06 01:45,23573.697,16219.021,5903.154,13804.764,124,100,132
2025-01-06 02:00,23573.990,16219.021,5903.154,13804.764,126,102,133
2025-01-06 02:15,23574.308,16219.021,5903.154,13804.764,161,115,131
2025-01-06 02:30,23574.768,16219.021,5903.154,13804.764,180,172,166
2025-01-06 02:45,23575.189,16219.021,5903.154,13804.764,187,167,164
2025-01-06 03:00,23575.553,16219.021,5903.154,13804.764,149,156,148
2025-01-06 03:15,23575.987,16219.021,5903.154,13804.764,191,189,135
2025-01-06 03:30,23576.340,16219.021,5903.154,13804.764,130,134,128
2025-01-06 03:45,23576.741,16219.021,5903.154,13804.764,148,176,144
2025-01-06 04:00,23577.138,16219.021,5903.154,13804.764,179,149,154
2025-01-06 04:15,23577.487,16219.021,5903.154,13804.764,150,161,107
2025-01-06 04:30,23577.992,16219.021,5903.154,13804.764,188,200,186
2025-01-06 04:45,23578.384,16219.021,5903.154,13804.764,163,182,145
2025-01-06 05:00,23578.675,16219.021,5903.154,13804.764,149,115,105
2025-01-06 05:15,23578.994,16219.021,5903.154,13804.764,160,140,131
2025-01-06 05:30,23579.430,16219.021,5903.154,13804.764,159,188,137
2025-01-06 05:45,23579.806,16219.021,5903.154,13804.764,165,179,115
2025-01-06 06:00,23580.152,16219.021,5903.154,13804.764,148,127,150
2025-01-06 06:15,23580.554,16219.021,5903.154,13804.764,142,168,136
2025-01-06 06:30,23580.958,16219.021,5903.154,13804.764,148,190,136
2025-01-06 06:45,23581.334,16219.021,5903.154,13804.764,176,170,152
2025-01-06 07:00,23581.334,16219.148,5903.154,13804.764,57,47,74
2025-01-06 07:15,23581.334,16219.242,5903.154,13804.764,53,78,46
2025-01-06 07:30,23581.334,16219.327,5903.154,13804.764,72,35,33
2025-01-06 07:45,23581.334,16219.431,5903.154,13804.764,53,77,39
2025-01-06 08:00,23581.334,16219.484,5903.154,13804.774,38,33,63
2025-01-06 08:15,23581.334,16219.533,5903.154,13804.791,57,34,54
2025-01-06 08:30,23581.334,16219.577,5903.154,13804.813,64,20,38
2025-01-06 08:45,23581.334,16219.595,5903.154,13804.850,29,35,36
2025-01-06 09:00,23581.334,16219.595,5903.154,13804.895,46,5,46
2025-01-06 09:15,23581.334,16219.595,5903.154,13804.957,4,50,34
2025-01-06 09:30,23581.334,16219.617,5903.154,13805.009,38,24,26
2025-01-06 09:45,23581.334,16219.617,5903.154,13805.087,36,31,50
2025-01-06 10:00,23581.334,16219.617,5903.154,13805.150,6,40,50
2025-01-06 10:15,23581.334,16219.617,5903.154,13805.251,10,28,29
2025-01-06 10:30,23581.334,16219.654,5903.154,13805.306,56,20,51
2025-01-06 10:45,23581.334,16219.675,5903.154,13805.380,12,48,29
2025-01-06 11:00,23581.334,16219.675,5903.154,13805.464,10,3,25
2025-01-06 11:15,23581.334,16219.683,5903.154,13805.556,30,44,7
2025-01-06 11:30,23581.334,16219.683,5903.154,13805.663,8,37,14
2025-01-06 11:45,23581.334,16219.695,5903.154,13805.747,25,11,30
2025-01-06 12:00,23581.334,16219.712,5903.154,13805.837,10,51,11
2025-01-06 12:15,23581.334,16219.764,5903.154,13805.902,41,66,63
2025-01-06 12:30,23581.334,16219.815,5903.154,13805.989,21,50,51
2025-01-06 12:45,23581.334,16219.932,5903.154,13806.033,86,53,75
2025-01-06 13:00,23581.334,16220.056,5903.154,13806.091,71,56,42
2025-01-06 13:15,23581.334,16220.088,5903.154,13806.171,57,35,31
2025-01-06 13:30,23581.334,16220.153,5903.154,13806.240,39,63,24
2025-01-06 13:45,23581.334,16220.304,5903.154,13806.268,70,101,89
2025-01-06 14:00,23581.334,16220.511,5903.154,13806.271,85,105,100
2025-01-06 14:15,23581.334,16220.693,5903.154,13806.285,66,113,104
2025-01-06 14:30,23581.334,16220.831,5903.154,13806.311,79,88,79
2025-01-06 14:45,23581.334,16221.045,5903.154,13806.311,97,94,72
2025-01-06 15:00,23581.334,16221.248,5903.154,13806.311,105,114,72
2025-01-06 15:15,23581.334,16221.456,5903.154,13806.311,73,109,66
2025-01-06 15:30,23581.334,16221.591,5903.154,13806.311,97,72,72
2025-01-06 15:45,23581.334,16221.766,5903.154,13806.311,88,105,77
2025-01-06 16:00,23581.334,16221.919,5903.154,13806.311,70,58,64
2025-01-06 16:15,23581.334,16222.098,5903.154,13806.311,71,96,73
2025-01-06 16:30,23581.334,16222.243,5903.154,13806.311,93,91,47
2025-01-06 16:45,23581.334,16222.365,5903.154,13806.311,57,45,51
2025-01-06 17:00,23581.334,16222.479,5903.154,13806.311,78,43,53
2025-01-06 17:15,23581.334,16222.601,5903.154,13806.311,42,87,44
2025-01-06 17:30,23581.334,16222.684,5903.154,13806.311,62,62,74
2025-01-06 17:45,23581.334,16222.767,5903.154,13806.311,76,78,41
2025-01-06 18:00,23581.334,16222.838,5903.154,13806.311,45,51,38
2025-01-06 18:15,23581.334,16222.912,5903.154,13806.311,65,29,53
2025-01-06 18:30,23581.334,16222.988,5903.154,13806.311,62,36,45
2025-01-06 18:45,23581.334,16223.082,5903.154,13806.311,75,78,35
2025-01-06 19:00,23581.334,16223.162,5903.154,13806.311,28,43,26
2025-01-06 19:15,23581.334,16223.237,5903.154,13806.311,28,61,67
2025-01-06 19:30,23581.334,16223.316,5903.154,13806.311,53,73,43
2025-01-06 19:45,23581.334,16223.381,5903.154,13806.311,54,65,22
2025-01-06 20:00,23581.334,16223.489,5903.154,13806.311,62,41,61
2025-01-06 20:15,23581.334,16223.603,5903.154,13806.311,44,74,63
2025-01-06 20:30,23581.334,16223.689,5903.154,13806.311,49,77,64
2025-01-06 20:45,23581.334,16223.793,5903.154,13806.311,85,85,43
2025-01-06 21:00,23581.334,16223.917,5903.154,13806.311,52,43,63
2025-01-06 21:15,23581.334,16224.051,5903.154,13806.311,90,46,61
2025-01-06 21:30,23581.334,16224.204,5903.154,13806.311,99,72,51
2025-01-06 21:45,23581.334,16224.397,5903.154,13806.311,70,76,102
2025-01-06 22:00,23581.334,16224.512,5903.154,13806.311,73,66,78
2025-01-06 22:15,23581.334,16224.870,5903.154,13806.311,162,131,139
2025-01-06 22:30,23581.334,16225.318,5903.154,13806.311,192,159,161
2025-01-06 22:45,23581.334,16225.615,5903.154,13806.311,124,129,133
2025-01-06 23:00,23581.682,16225.615,5903.154,13806.311,135,125,116
2025-01-06 23:15,23582.139,16225.615,5903.154,13806.311,166,170,165
2025-01-06 23:30,23582.514,16225.615,5903.154,13806.311,180,144,140
2025-01-06 23:45,23582.857,16225.615,5903.154,13806.311,130,163,121
2025-01-07 00:00,23583.183,16225.615,5903.154,13806.311,134,123,102
2025-01-07 00:15,23583.564,16225.615,5903.154,13806.311,136,176,133
2025-01-07 00:30,23583.959,16225.615,5903.154,13806.311,163,166,153
2025-01-07 00:45,23584.224,16225.615,5903.154,13806.311,143,101,86
2025-01-07 01:00,23584.610,16225.615,5903.154,13806.311,142,146,140
2025-01-07 01:15,23584.966,16225.615,5903.154,13806.311,161,161,122
2025-01-07 01:30,23585.219,16225.615,5903.154,13806.311,100,129,103
2025-01-07 01:45,23585.483,16225.615,5903.154,13806.311,113,99,81
2025-01-07 02:00,23585.745,16225.615,5903.154,13806.311,118,137,103
2025-01-07 02:15,23586.087,16225.615,5903.154,13806.311,141,132,113
2025-01-07 02:30,23586.450,16225.615,5903.154,13806.311,166,166,147
2025-01-07 02:45,23586.785,16225.615,5903.154,13806.311,152,147,103
2025-01-07 03:00,23587.146,16225.615,5903.154,13806.311,167,159,123
2025-01-07 03:15,23587.611,16225.615,5903.154,13806.311,186,212,184
2025-01-07 03:30,23588.019,16225.615,5903.154,13806.311,178,174,142
2025-01-07 03:45,23588.341,16225.615,5903.154,13806.311,126,113,145
2025-01-07 04:00,23588.815,16225.615,5903.154,13806.311,187,214,179
2025-01-07 04:15,23589.328,16225.615,5903.154,13806.311,221,194,170
2025-01-07 04:30,23589.795,16225.615,5903.154,13806.311,211,177,175
2025-01-07 04:45,23590.258,16225.615,5903.154,13806.311,173,173,154
2025-01-07 05:00,23590.718,16225.615,5903.154,13806.311,197,161,182
2025-01-07 05:15,23591.203,16225.615,5903.154,13806.311,205,181,176
2025-01-07 05:30,23591.506,16225.615,5903.154,13806.311,108,119,128
2025-01-07 05:45,23591.879,16225.615,5903.154,13806.311,169,142,119
2025-01-07 06:00,23592.168,16225.615,5903.154,13806.311,121,104,87
2025-01-07 06:15,23592.560,16225.615,5903.154,13806.311,144,170,140
2025-01-07 06:30,23592.873,16225.615,5903.154,13806.311,134,146,100
2025-01-07 06:45,23593.168,16225.615,5903.154,13806.311,148,129,138
2025-01-07 07:00,23593.168,16225.733,5903.154,13806.311,86,76,79
2025-01-07 07:15,23593.168,16225.849,5903.154,13806.311,82,77,45
2025-01-07 07:30,23593.168,16225.962,5903.154,13806.311,50,85,33
2025-01-07 07:45,23593.168,16226.074,5903.154,13806.311,88,75,35
2025-01-07 08:00,23593.168,16226.146,5903.154,13806.313,64,39,61
2025-01-07 08:15,23593.168,16226.234,5903.154,13806.317,77,34,41
2025-01-07 08:30,23593.168,16226.272,5903.154,13806.340,18,58,53
2025-01-07 08:45,23593.168,16226.318,5903.154,13806.369,32,29,28
2025-01-07 09:00,23593.168,16226.322,5903.154,13806.418,47,1,3
2025-01-07 09:15,23593.168,16226.341,5903.154,13806.464,32,37,29
2025-01-07 09:30,23593.168,16226.341,5903.154,13806.523,50,36,41
2025-01-07 09:45,23593.168,16226.341,5903.154,13806.600,2,18,1
2025-01-07 10:00,23593.168,16226.357,5903.154,13806.658,15,29,14
2025-01-07 10:15,23593.168,16226.357,5903.154,13806.747,5,21,38
2025-01-07 10:30,23593.168,16226.357,5903.154,13806.844,27,41,10
2025-01-07 10:45,23593.168,16226.357,5903.154,13806.931,21,13,12
2025-01-07 11:00,23593.168,16226.357,5903.154,13807.018,34,16,42
2025-01-07 11:15,23593.168,16226.357,5903.154,13807.099,36,35,31
2025-01-07 11:30,23593.168,16226.372,5903.154,13807.175,23,47,44
2025-01-07 11:45,23593.168,16226.372,5903.154,13807.268,10,40,18
2025-01-07 12:00,23593.168,16226.373,5903.154,13807.369,50,25,30
2025-01-07 12:15,23593.168,16226.434,5903.154,13807.440,55,45,29
2025-01-07 12:30,23593.168,16226.484,5903.154,13807.510,19,33,43
2025-01-07 12:45,23593.168,16226.524,5903.154,13807.585,16,22,59
2025-01-07 13:00,23593.168,16226.548,5903.154,13807.670,42,34,55
2025-01-07 13:15,23593.168,16226.650,5903.154,13807.729,68,61,64
2025-01-07 13:30,23593.168,16226.812,5903.154,13807.768,71,86,67
2025-01-07 13:45,23593.168,16227.014,5903.154,13807.778,102,106,93
2025-01-07 14:00,23593.168,16227.162,5903.154,13807.813,58,99,72
2025-01-07 14:15,23593.168,16227.386,5903.154,13807.813,90,86,69
2025-01-07 14:30,23593.168,16227.609,5903.154,13807.813,117,86,104
2025-01-07 14:45,23593.168,16227.824,5903.154,13807.813,79,80,88
2025-01-07 15:00,23593.168,16227.997,5903.154,13807.813,93,89,51
2025-01-07 15:15,23593.168,16228.172,5903.154,13807.813,87,68,78
2025-01-07 15:30,23593.168,16228.341,5903.154,13807.813,64,64,86
2025-01-07 15:45,23593.168,16228.521,5903.154,13807.813,85,89,70
2025-01-07 16:00,23593.168,16228.668,5903.154,13807.813,53,62,61
2025-01-07 16:15,23593.168,16228.820,5903.154,13807.813,78,55,70
2025-01-07 16:30,23593.168,16228.940,5903.154,13807.813,88,71,52
2025-01-07 16:45,23593.168,16229.029,5903.154,13807.813,50,50,43
2025-01-07 17:00,23593.168,16229.173,5903.154,13807.813,64,58,62
2025-01-07 17:15,23593.168,16229.281,5903.154,13807.813,54,83,58
2025-01-07 17:30,23593.168,16229.359,5903.154,13807.813,53,74,54
2025-01-07 17:45,23593.168,16229.478,5903.154,13807.813,73,91,45
2025-01-07 18:00,23593.168,16229.581,5903.154,13807.813,85,69,66
2025-01-07 18:15,23593.168,16229.651,5903.154,13807.813,27,39,23
2025-01-07 18:30,23593.168,16229.755,5903.154,13807.813,53,59,60
2025-01-07 18:45,23593.168,16229.842,5903.154,13807.813,31,45,49
2025-01-07 19:00,23593.168,16229.920,5903.154,13807.813,57,64,58
2025-01-07 19:15,23593.168,16229.984,5903.154,13807.813,69,66,24
2025-01-07 19:30,23593.168,16230.061,5903.154,13807.813,63,76,36
2025-01-07 19:45,23593.168,16230.156,5903.154,13807.813,49,73,54
2025-01-07 20:00,23593.168,16230.267,5903.154,13807.813,82,39,63
2025-01-07 20:15,23593.168,16230.373,5903.154,13807.813,37,51,47
2025-01-07 20:30,23593.168,16230.506,5903.154,13807.813,91,87,56
2025-01-07 20:45,23593.168,16230.610,5903.154,13807.813,52,49,60
2025-01-07 21:00,23593.168,16230.733,5903.154,13807.813,80,49,36
2025-01-07 21:15,23593.168,16230.877,5903.154,13807.813,73,85,84
2025-01-07 21:30,23593.168,16230.998,5903.154,13807.813,72,46,57
2025-01-07 21:45,23593.168,16231.160,5903.154,13807.813,72,97,93
2025-01-07 22:00,23593.168,16231.333,5903.154,13807.813,93,108,66
2025-01-07 22:15,23593.168,16231.768,5903.154,13807.813,190,177,172
2025-01-07 22:30,23593.168,16232.062,5903.154,13807.813,133,120,104
2025-01-07 22:45,23593.168,16232.423,5903.154,13807.813,163,171,144
2025-01-07 23:00,23593.520,16232.423,5903.154,13807.813,166,157,145
2025-01-07 23:15,23594.009,16232.423,5903.154,13807.813,203,190,156
2025-01-07 23:30,23594.496,16232.423,5903.154,13807.813,176,200,154
2025-01-07 23:45,23594.949,16232.423,5903.154,13807.813,169,201,156
2025-01-08 00:00,23595.192,16232.423,5903.154,13807.813,104,111,122
2025-01-08 00:15,23595.466,16232.423,5903.154,13807.813,125,103,112
2025-01-08 00:30,23595.796,16232.423,5903.154,13807.813,154,119,128
2025-01-08 00:45,23596.109,16232.423,5903.154,13807.813,133,142,112
2025-01-08 01:00,23596.502,16232.423,5903.154,13807.813,149,158,143
2025-01-08 01:15,23596.910,16232.423,5903.154,13807.813,151,162,167
2025-01-08 01:30,23597.165,16232.423,5903.154,13807.813,100,109,116
2025-01-08 01:45,23597.504,16232.423,5903.154,13807.813,167,128,137
2025-01-08 02:00,23597.860,16232.423,5903.154,13807.813,129,132,145
2025-01-08 02:15,23598.212,16232.423,5903.154,13807.813,153,147,105
2025-01-08 02:30,23598.520,16232.423,5903.154,13807.813,107,127,140
2025-01-08 02:45,23598.831,16232.423,5903.154,13807.813,148,154,108
2025-01-08 03:00,23599.307,16232.423,5903.154,13807.813,172,190,174
2025-01-08 03:15,23599.622,16232.423,5903.154,13807.813,129,128,123
2025-01-08 03:30,23600.042,16232.423,5903.154,13807.813,190,155,147
2025-01-08 03:45,23600.439,16232.423,5903.154,13807.813,148,163,120
2025-01-08 04:00,23600.894,16232.423,5903.154,13807.813,205,160,173
2025-01-08 04:15,23601.203,16232.423,5903.154,13807.813,158,110,116
2025-01-08 04:30,23601.542,16232.423,5903.154,13807.813,121,156,104
2025-01-08 04:45,23601.971,16232.423,5903.154,13807.813,194,157,154
2025-01-08 05:00,23602.272,16232.423,5903.154,13807.813,149,114,103
2025-01-08 05:15,23602.684,16232.423,5903.154,13807.813,186,150,165
2025-01-08 05:30,23603.087,16232.423,5903.154,13807.813,167,147,152
2025-01-08 05:45,23603.370,16232.423,5903.154,13807.813,105,130,96
2025-01-08 06:00,23603.789,16232.423,5903.154,13807.813,158,168,170
2025-01-08 06:15,23604.067,16232.423,5903.154,13807.813,110,141,113
2025-01-08 06:30,23604.305,16232.423,5903.154,13807.813,90,119,113
2025-01-08 06:45,23604.723,16232.423,5903.154,13807.813,150,192,171
2025-01-08 07:00,23604.723,16232.524,5903.154,13807.813,53,51,59
2025-01-08 07:15,23604.723,16232.654,5903.154,13807.813,63,68,81
2025-01-08 07:30,23604.723,16232.767,5903.154,13807.813,87,41,33
2025-01-08 07:45,23604.723,16232.865,5903.154,13807.813,56,62,68
2025-01-08 08:00,23604.723,16232.958,5903.154,13807.813,53,43,35
2025-01-08 08:15,23604.723,16233.051,5903.154,13807.815,56,76,57
2025-01-08 08:30,23604.723,16233.098,5903.154,13807.840,23,24,58
2025-01-08 08:45,23604.723,16233.147,5903.154,13807.870,23,43,51
2025-01-08 09:00,23604.723,16233.167,5903.154,13807.910,46,31,55
2025-01-08 09:15,23604.723,16233.167,5903.154,13807.965,46,8,30
2025-01-08 09:30,23604.723,16233.167,5903.154,13808.039,2,4,16
2025-01-08 09:45,23604.723,16233.167,5903.154,13808.119,33,49,47
2025-01-08 10:00,23604.723,16233.167,5903.154,13808.198,42,21,33
2025-01-08 10:15,23604.723,16233.167,5903.154,13808.271,42,46,15
2025-01-08 10:30,23604.723,16233.167,5903.154,13808.352,9,35,39
2025-01-08 10:45,23604.723,16233.186,5903.154,13808.415,36,37,15
2025-01-08 11:00,23604.723,16233.199,5903.154,13808.484,21,7,36
2025-01-08 11:15,23604.723,16233.224,5903.154,13808.557,23,13,36
2025-01-08 11:30,23604.723,16233.241,5903.154,13808.638,36,33,25
2025-01-08 11:45,23604.723,16233.281,5903.154,13808.709,19,38,37
2025-01-08 12:00,23604.723,16233.343,5903.154,13808.773,71,59,57
2025-01-08 12:15,23604.723,16233.420,5903.154,13808.848,67,68,51
2025-01-08 12:30,23604.723,16233.436,5903.154,13808.941,19,34,25
2025-01-08 12:45,23604.723,16233.518,5903.154,13809.008,70,51,69
2025-01-08 13:00,23604.723,16233.555,5903.154,13809.084,12,33,32
2025-01-08 13:15,23604.723,16233.697,5903.154,13809.134,82,72,86
2025-01-08 13:30,23604.723,16233.884,5903.154,13809.152,110,112,102
2025-01-08 13:45,23604.723,16233.978,5903.154,13809.197,40,58,41
2025-01-08 14:00,23604.723,16234.156,5903.154,13809.217,68,110,79
2025-01-08 14:15,23604.723,16234.340,5903.154,13809.222,71,113,83
2025-01-08 14:30,23604.723,16234.510,5903.154,13809.233,90,59,83
2025-01-08 14:45,23604.723,16234.672,5903.154,13809.244,93,86,80
2025-01-08 15:00,23604.723,16234.880,5903.154,13809.244,83,118,70
2025-01-08 15:15,23604.723,16235.063,5903.154,13809.244,83,95,78
2025-01-08 15:30,23604.723,16235.234,5903.154,13809.244,74,76,76
2025-01-08 15:45,23604.723,16235.430,5903.154,13809.244,76,76,84
2025-01-08 16:00,23604.723,16235.612,5903.154,13809.244,107,98,74
2025-01-08 16:15,23604.723,16235.790,5903.154,13809.244,74,75,92
2025-01-08 16:30,23604.723,16235.939,5903.154,13809.244,60,97,85
2025-01-08 16:45,23604.723,16236.040,5903.154,13809.244,75,55,75
2025-01-08 17:00,23604.723,16236.149,5903.154,13809.244,73,79,77
2025-01-08 17:15,23604.723,16236.277,5903.154,13809.244,62,71,38
2025-01-08 17:30,23604.723,16236.351,5903.154,13809.244,68,29,34
2025-01-08 17:45,23604.723,16236.465,5903.154,13809.244,82,55,43
2025-01-08 18:00,23604.723,16236.567,5903.154,13809.244,83,69,32
2025-01-08 18:15,23604.723,16236.651,5903.154,13809.244,72,76,60
2025-01-08 18:30,23604.723,16236.746,5903.154,13809.244,48,65,78
2025-01-08 18:45,23604.723,16236.836,5903.154,13809.244,34,55,51
2025-01-08 19:00,23604.723,16236.930,5903.154,13809.244,67,35,28
2025-01-08 19:15,23604.723,16236.997,5903.154,13809.244,51,37,59
2025-01-08 19:30,23604.723,16237.087,5903.154,13809.244,65,78,65
2025-01-08 19:45,23604.723,16237.185,5903.154,13809.244,62,45,72
2025-01-08 20:00,23604.723,16237.302,5903.154,13809.244,47,64,37
2025-01-08 20:15,23604.723,16237.403,5903.154,13809.244,72,51,30
2025-01-08 20:30,23604.723,16237.521,5903.154,13809.244,50,61,73
2025-01-08 20:45,23604.723,16237.663,5903.154,13809.244,91,68,73
2025-01-08 21:00,23604.723,16237.788,5903.154,13809.244,88,63,70
2025-01-08 21:15,23604.723,16237.894,5903.154,13809.244,69,47,57
2025-01-08 21:30,23604.723,16238.026,5903.154,13809.244,59,88,60
2025-01-08 21:45,23604.723,16238.156,5903.154,13809.244,84,78,69
2025-01-08 22:00,23604.723,16238.346,5903.154,13809.244,66,73,98
2025-01-08 22:15,23604.723,16238.656,5903.154,13809.244,147,123,95
2025-01-08 22:30,23604.723,16238.991,5903.154,13809.244,124,141,116
2025-01-08 22:45,23604.723,16239.323,5903.154,13809.244,165,139,131
2025-01-08 23:00,23605.098,16239.323,5903.154,13809.244,172,143,132
2025-01-08 23:15,23605.598,16239.323,5903.154,13809.244,223,208,183
2025-01-08 23:30,23605.891,16239.323,5903.154,13809.244,151,115,131
2025-01-08 23:45,23606.196,16239.323,5903.154,13809.244,150,153,140
2025-01-09 00:00,23606.543,16239.323,5903.154,13809.244,164,130,105
2025-01-09 00:15,23606.810,16239.323,5903.154,13809.244,96,104,130
2025-01-09 00:30,23607.036,16239.323,5903.154,13809.244,95,105,91
2025-01-09 00:45,23607.331,16239.323,5903.154,13809.244,127,146,95
2025-01-09 01:00,23607.680,16239.323,5903.154,13809.244,170,169,141
2025-01-09 01:15,23608.080,16239.323,5903.154,13809.244,171,145,137
2025-01-09 01:30,23608.379,16239.323,5903.154,13809.244,152,132,113
2025-01-09 01:45,23608.762,16239.323,5903.154,13809.244,168,148,122
2025-01-09 02:00,23609.184,16239.323,5903.154,13809.244,165,187,135
2025-01-09 02:15,23609.637,16239.323,5903.154,13809.244,204,199,158
2025-01-09 02:30,23609.902,16239.323,5903.154,13809.244,101,99,81
2025-01-09 02:45,23610.307,16239.323,5903.154,13809.244,146,160,134
2025-01-09 03:00,23610.789,16239.323,5903.154,13809.244,194,209,176
2025-01-09 03:15,23611.108,16239.323,5903.154,13809.244,127,123,102
2025-01-09 03:30,23611.577,16239.323,5903.154,13809.244,211,198,169
2025-01-09 03:45,23611.874,16239.323,5903.154,13809.244,119,109,101
2025-01-09 04:00,23612.271,16239.323,5903.154,13809.244,146,180,160
2025-01-09 04:15,23612.618,16239.323,5903.154,13809.244,133,141,135
2025-01-09 04:30,23613.043,16239.323,5903.154,13809.244,185,157,163
2025-01-09 04:45,23613.509,16239.323,5903.154,13809.244,173,163,159
2025-01-09 05:00,23613.833,16239.323,5903.154,13809.244,140,130,120
2025-01-09 05:15,23614.269,16239.323,5903.154,13809.244,181,180,152
2025-01-09 05:30,23614.641,16239.323,5903.154,13809.244,171,168,116
2025-01-09 05:45,23615.087,16239.323,5903.154,13809.244,190,168,149
2025-01-09 06:00,23615.473,16239.323,5903.154,13809.244,136,167,155
2025-01-09 06:15,23615.840,16239.323,5903.154,13809.244,165,141,111
2025-01-09 06:30,23616.188,16239.323,5903.154,13809.244,151,162,153
2025-01-09 06:45,23616.496,16239.323,5903.154,13809.244,144,153,110
2025-01-09 07:00,23616.496,16239.443,5903.154,13809.244,64,73,35
2025-01-09 07:15,23616.496,16239.574,5903.154,13809.244,84,88,49
2025-01-09 07:30,23616.496,16239.651,5903.154,13809.244,62,62,65
2025-01-09 07:45,23616.496,16239.719,5903.154,13809.245,45,25,34
2025-01-09 08:00,23616.496,16239.777,5903.154,13809.254,34,22,59
2025-01-09 08:15,23616.496,16239.870,5903.154,13809.255,62,61,29
2025-01-09 08:30,23616.496,16239.934,5903.154,13809.266,55,62,36
2025-01-09 08:45,23616.496,16239.943,5903.154,13809.308,14,27,43
2025-01-09 09:00,23616.496,16239.967,5903.154,13809.347,12,41,23
2025-01-09 09:15,23616.496,16239.996,5903.154,13809.389,32,32,39
2025-01-09 09:30,23616.496,16239.999,5903.154,13809.448,8,28,10
2025-01-09 09:45,23616.496,16239.999,5903.154,13809.504,9,11,10
2025-01-09 10:00,23616.496,16240.000,5903.154,13809.567,14,26,21
2025-01-09 10:15,23616.496,16240.000,5903.154,13809.653,13,37,10
2025-01-09 10:30,23616.496,16240.000,5903.154,13809.741,8,36,37
2025-01-09 10:45,23616.496,16240.013,5903.154,13809.808,40,13,6
2025-01-09 11:00,23616.496,16240.053,5903.154,13809.874,39,52,48
2025-01-09 11:15,23616.496,16240.072,5903.154,13809.962,24,11,18
2025-01-09 11:30,23616.496,16240.124,5903.154,13810.040,28,32,41
2025-01-09 11:45,23616.496,16240.163,5903.154,13810.126,24,52,53
2025-01-09 12:00,23616.496,16240.163,5903.154,13810.221,29,38,37
2025-01-09 12:15,23616.496,16240.218,5903.154,13810.283,20,31,49
2025-01-09 12:30,23616.496,16240.255,5903.154,13810.372,21,50,17
2025-01-09 12:45,23616.496,16240.394,5903.154,13810.414,98,82,73
2025-01-09 13:00,23616.496,16240.415,5903.154,13810.502,45,41,6
2025-01-09 13:15,23616.496,16240.528,5903.154,13810.564,72,65,57
2025-01-09 13:30,23616.496,16240.649,5903.154,13810.618,72,92,85
2025-01-09 13:45,23616.496,16240.791,5903.154,13810.651,97,93,78
2025-01-09 14:00,23616.496,16240.892,5903.154,13810.684,49,40,48
2025-01-09 14:15,23616.496,16241.040,5903.154,13810.708,52,97,91
2025-01-09 14:30,23616.496,16241.196,5903.154,13810.728,54,78,87
2025-01-09 14:45,23616.496,16241.400,5903.154,13810.728,77,80,88
2025-01-09 15:00,23616.496,16241.529,5903.154,13810.741,72,81,61
2025-01-09 15:15,23616.496,16241.742,5903.154,13810.741,87,100,98
2025-01-09 15:30,23616.496,16241.899,5903.154,13810.741,90,85,63
2025-01-09 15:45,23616.496,16242.059,5903.154,13810.741,81,103,56
2025-01-09 16:00,23616.496,16242.221,5903.154,13810.741,84,106,92
2025-01-09 16:15,23616.496,16242.328,5903.154,13810.741,87,58,67
2025-01-09 16:30,23616.496,16242.476,5903.154,13810.741,76,92,44
2025-01-09 16:45,23616.496,16242.627,5903.154,13810.741,90,79,50
2025-01-09 17:00,23616.496,16242.726,5903.154,13810.741,36,80,53
2025-01-09 17:15,23616.496,16242.830,5903.154,13810.741,54,81,69
2025-01-09 17:30,23616.496,16242.952,5903.154,13810.741,73,70,36
2025-01-09 17:45,23616.496,16243.058,5903.154,13810.741,55,49,33
2025-01-09 18:00,23616.496,16243.150,5903.154,13810.741,71,42,70
2025-01-09 18:15,23616.496,16243.223,5903.154,13810.741,35,30,38
2025-01-09 18:30,23616.496,16243.299,5903.154,13810.741,63,38,55
2025-01-09 18:45,23616.496,16243.390,5903.154,13810.741,66,49,73
2025-01-09 19:00,23616.496,16243.489,5903.154,13810.741,51,48,67
2025-01-09 19:15,23616.496,16243.568,5903.154,13810.741,27,43,34
2025-01-09 19:30,23616.496,16243.631,5903.154,13810.741,40,43,26
2025-01-09 19:45,23616.496,16243.742,5903.154,13810.741,88,74,49
2025-01-09 20:00,23616.496,16243.859,5903.154,13810.741,89,55,83
2025-01-09 20:15,23616.496,16243.972,5903.154,13810.741,76,40,64
2025-01-09 20:30,23616.496,16244.050,5903.154,13810.741,41,70,67
2025-01-09 20:45,23616.496,16244.150,5903.154,13810.741,68,69,30
2025-01-09 21:00,23616.496,16244.254,5903.154,13810.741,61,79,78
2025-01-09 21:15,23616.496,16244.352,5903.154,13810.741,64,54,51
2025-01-09 21:30,23616.496,16244.498,5903.154,13810.741,98,94,55
2025-01-09 21:45,23616.496,16244.620,5903.154,13810.741,58,55,50
2025-01-09 22:00,23616.496,16244.755,5903.154,13810.741,56,96,46
2025-01-09 22:15,23616.496,16245.030,5903.154,13810.741,127,135,82
2025-01-09 22:30,23616.496,16245.414,5903.154,13810.741,164,157,154
2025-01-09 22:45,23616.496,16245.888,5903.154,13810.741,201,182,173
2025-01-09 23:00,23616.946,16245.888,5903.154,13810.741,182,171,183
2025-01-09 23:15,23617.234,16245.888,5903.154,13810.741,130,134,88
2025-01-09 23:30,23617.606,16245.888,5903.154,13810.741,141,159,118
2025-01-09 23:45,23617.996,16245.888,5903.154,13810.741,136,179,129
2025-01-10 00:00,23618.217,16245.888,5903.154,13810.741,93,88,101
2025-01-10 00:15,23618.474,16245.888,5903.154,13810.741,110,112,87
2025-01-10 00:30,23618.725,16245.888,5903.154,13810.741,111,111,100
2025-01-10 00:45,23618.978,16245.888,5903.154,13810.741,124,131,89
2025-01-10 01:00,23619.342,16245.888,5903.154,13810.741,162,154,133
2025-01-10 01:15,23619.732,16245.888,5903.154,13810.741,166,136,128
2025-01-10 01:30,23619.998,16245.888,5903.154,13810.741,132,125,113
2025-01-10 01:45,23620.407,16245.888,5903.154,13810.741,178,179,125
2025-01-10 02:00,23620.806,16245.888,5903.154,13810.741,155,169,159
2025-01-10 02:15,23621.228,16245.888,5903.154,13810.741,170,182,161
2025-01-10 02:30,23621.548,16245.888,5903.154,13810.741,119,134,139
2025-01-10 02:45,23621.862,16245.888,5903.154,13810.741,150,143,105
2025-01-10 03:00,23622.200,16245.888,5903.154,13810.741,150,149,150
2025-01-10 03:15,23622.685,16245.888,5903.154,13810.741,187,198,185
2025-01-10 03:30,23623.170,16245.888,5903.154,13810.741,190,195,185
2025-01-10 03:45,23623.547,16245.888,5903.154,13810.741,136,141,133
2025-01-10 04:00,23623.903,16245.888,5903.154,13810.741,141,162,147
2025-01-10 04:15,23624.395,16245.888,5903.154,13810.741,195,219,184
2025-01-10 04:30,23624.780,16245.888,5903.154,13810.741,135,142,161
2025-01-10 04:45,23625.115,16245.888,5903.154,13810.741,164,122,113
2025-01-10 05:00,23625.411,16245.888,5903.154,13810.741,133,138,91
2025-01-10 05:15,23625.770,16245.888,5903.154,13810.741,130,131,123
2025-01-10 05:30,23626.051,16245.888,5903.154,13810.741,122,117,98
2025-01-10 05:45,23626.371,16245.888,5903.154,13810.741,119,144,105
2025-01-10 06:00,23626.765,16245.888,5903.154,13810.741,157,167,147
2025-01-10 06:15,23627.122,16245.888,5903.154,13810.741,153,133,151
2025-01-10 06:30,23627.480,16245.888,5903.154,13810.741,172,165,143
2025-01-10 06:45,23627.837,16245.888,5903.154,13810.741,146,154,141
2025-01-10 07:00,23627.837,16245.978,5903.154,13810.741,57,47,35
2025-01-10 07:15,23627.837,16246.054,5903.154,13810.741,34,48,40
2025-01-10 07:30,23627.837,16246.123,5903.154,13810.741,72,54,39
2025-01-10 07:45,23627.837,16246.210,5903.154,13810.741,44,80,26
2025-01-10 08:00,23627.837,16246.269,5903.154,13810.749,47,45,32
2025-01-10 08:15,23627.837,16246.352,5903.154,13810.752,53,43,40
2025-01-10 08:30,23627.837,16246.413,5903.154,13810.765,60,65,61
2025-01-10 08:45,23627.837,16246.456,5903.154,13810.790,32,41,25
2025-01-10 09:00,23627.837,16246.456,5903.154,13810.842,40,29,39
2025-01-10 09:15,23627.837,16246.472,5903.154,13810.889,25,6,13
2025-01-10 09:30,23627.837,16246.486,5903.154,13810.933,10,22,21
2025-01-10 09:45,23627.837,16246.486,5903.154,13810.987,5,9,0
2025-01-10 10:00,23627.837,16246.486,5903.154,13811.060,31,23,29
2025-01-10 10:15,23627.837,16246.486,5903.154,13811.148,48,9,3
2025-01-10 10:30,23627.837,16246.486,5903.154,13811.224,11,12,16
2025-01-10 10:45,23627.837,16246.486,5903.154,13811.313,49,45,15
2025-01-10 11:00,23627.837,16246.518,5903.154,13811.385,12,22,38
2025-01-10 11:15,23627.837,16246.518,5903.154,13811.494,13,30,24
2025-01-10 11:30,23627.837,16246.518,5903.154,13811.592,40,46,2
2025-01-10 11:45,23627.837,16246.526,5903.154,13811.684,33,43,21
2025-01-10 12:00,23627.837,16246.613,5903.154,13811.746,43,37,41
2025-01-10 12:15,23627.837,16246.631,5903.154,13811.833,23,43,12
2025-01-10 12:30,23627.837,16246.664,5903.154,13811.915,48,61,53
2025-01-10 12:45,23627.837,16246.748,5903.154,13811.978,34,44,35
2025-01-10 13:00,23627.837,16246.857,5903.154,13812.033,86,78,35
2025-01-10 13:15,23627.837,16246.998,5903.154,13812.067,99,55,50
2025-01-10 13:30,23627.837,16247.086,5903.154,13812.121,71,78,48
2025-01-10 13:45,23627.837,16247.188,5903.154,13812.172,79,59,52
2025-01-10 14:00,23627.837,16247.279,5903.154,13812.219,77,60,62
2025-01-10 14:15,23627.837,16247.463,5903.154,13812.228,75,98,76
2025-01-10 14:30,23627.837,16247.620,5903.154,13812.240,92,89,57
2025-01-10 14:45,23627.837,16247.746,5903.154,13812.251,60,78,60
2025-01-10 15:00,23627.837,16247.942,5903.154,13812.251,114,79,59
2025-01-10 15:15,23627.837,16248.093,5903.154,13812.252,72,98,49
2025-01-10 15:30,23627.837,16248.256,5903.154,13812.252,90,100,79
2025-01-10 15:45,23627.837,16248.378,5903.154,13812.252,68,83,56
2025-01-10 16:00,23627.837,16248.529,5903.154,13812.252,61,64,47
2025-01-10 16:15,23627.837,16248.670,5903.154,13812.252,85,90,66
2025-01-10 16:30,23627.837,16248.806,5903.154,13812.252,63,50,63
2025-01-10 16:45,23627.837,16248.950,5903.154,13812.252,63,91,74
2025-01-10 17:00,23627.837,16249.092,5903.154,13812.252,89,52,65
2025-01-10 17:15,23627.837,16249.232,5903.154,13812.252,72,99,87
2025-01-10 17:30,23627.837,16249.343,5903.154,13812.252,85,43,52
2025-01-10 17:45,23627.837,16249.424,5903.154,13812.252,34,74,38
2025-01-10 18:00,23627.837,16249.499,5903.154,13812.252,41,62,62
2025-01-10 18:15,23627.837,16249.588,5903.154,13812.252,78,37,75
2025-01-10 18:30,23627.837,16249.664,5903.154,13812.252,68,53,28
2025-01-10 18:45,23627.837,16249.729,5903.154,13812.252,43,64,29
2025-01-10 19:00,23627.837,16249.814,5903.154,13812.252,49,64,45
2025-01-10 19:15,23627.837,16249.891,5903.154,13812.252,72,46,60
2025-01-10 19:30,23627.837,16249.976,5903.154,13812.252,64,76,41
2025-01-10 19:45,23627.837,16250.060,5903.154,13812.252,29,75,27
2025-01-10 20:00,23627.837,16250.157,5903.154,13812.252,52,33,48
2025-01-10 20:15,23627.837,16250.238,5903.154,13812.252,77,72,41
2025-01-10 20:30,23627.837,16250.343,5903.154,13812.252,72,45,37
2025-01-10 20:45,23627.837,16250.446,5903.154,13812.252,59,73,45
2025-01-10 21:00,23627.837,16250.590,5903.154,13812.252,75,86,56
2025-01-10 21:15,23627.837,16250.738,5903.154,13812.252,62,82,88
2025-01-10 21:30,23627.837,16250.905,5903.154,13812.252,99,77,52
2025-01-10 21:45,23627.837,16251.061,5903.154,13812.252,57,103,67
2025-01-10 22:00,23627.837,16251.250,5903.154,13812.252,73,115,70
2025-01-10 22:15,23627.837,16251.694,5903.154,13812.252,195,204,173
2025-01-10 22:30,23627.837,16252.026,5903.154,13812.252,149,151,108
2025-01-10 22:45,23627.837,16252.453,5903.154,13812.252,192,195,153
2025-01-10 23:00,23628.284,16252.453,5903.154,13812.252,161,170,161
2025-01-10 23:15,23628.653,16252.453,5903.154,13812.252,133,158,146
2025-01-10 23:30,23629.061,16252.453,5903.154,13812.252,167,174,149
2025-01-10 23:45,23629.372,16252.453,5903.154,13812.252,143,120,124
2025-01-11 00:00,23629.676,16252.453,5903.154,13812.252,153,139,106
2025-01-11 00:15,23629.932,16252.453,5903.154,13812.252,132,125,81
2025-01-11 00:30,23630.221,16252.453,5903.154,13812.252,113,121,108
2025-01-11 00:45,23630.444,16252.453,5903.154,13812.252,100,117,95
2025-01-11 01:00,23630.754,16252.453,5903.154,13812.252,122,120,135
2025-01-11 01:15,23631.136,16252.453,5903.154,13812.252,140,180,117
2025-01-11 01:30,23631.501,16252.453,5903.154,13812.252,145,127,130
2025-01-11 01:45,23631.769,16252.453,5903.154,13812.252,94,114,93
2025-01-11 02:00,23632.065,16252.453,5903.154,13812.252,151,119,123
2025-01-11 02:15,23632.483,16252.453,5903.154,13812.252,190,188,126
2025-01-11 02:30,23632.950,16252.453,5903.154,13812.252,179,173,143
2025-01-11 02:45,23633.399,16252.453,5903.154,13812.252,160,186,175
2025-01-11 03:00,23633.686,16252.453,5903.154,13812.252,142,142,109
2025-01-11 03:15,23633.966,16252.453,5903.154,13812.252,138,121,97
2025-01-11 03:30,23634.365,16252.453,5903.154,13812.252,159,170,157
2025-01-11 03:45,23634.689,16252.453,5903.154,13812.252,142,148,142
2025-01-11 04:00,23635.029,16252.453,5903.154,13812.252,139,149,126
2025-01-11 04:15,23635.313,16252.453,5903.154,13812.252,121,139,104
2025-01-11 04:30,23635.824,16252.453,5903.154,13812.252,181,218,169
2025-01-11 04:45,23636.309,16252.453,5903.154,13812.252,170,204,162
2025-01-11 05:00,23636.661,16252.453,5903.154,13812.252,131,128,151
2025-01-11 05:15,23637.149,16252.453,5903.154,13812.252,210,213,160
2025-01-11 05:30,23637.541,16252.453,5903.154,13812.252,156,175,138
2025-01-11 05:45,23637.827,16252.453,5903.154,13812.252,137,134,128
2025-01-11 06:00,23638.263,16252.453,5903.154,13812.252,197,185,138
2025-01-11 06:15,23638.698,16252.453,5903.154,13812.252,193,188,140
2025-01-11 06:30,23639.049,16252.453,5903.154,13812.252,129,133,125
2025-01-11 06:45,23639.308,16252.453,5903.154,13812.252,110,116,103
2025-01-11 07:00,23639.445,16252.453,5903.154,13812.252,87,94,57
2025-01-11 07:15,23639.533,16252.453,5903.154,13812.252,32,79,65
2025-01-11 07:30,23639.638,16252.453,5903.154,13812.252,74,50,45
2025-01-11 07:45,23639.720,16252.453,5903.154,13812.252,58,36,56
2025-01-11 08:00,23639.793,16252.453,5903.159,13812.252,36,49,52
2025-01-11 08:15,23639.834,16252.453,5903.175,13812.252,40,62,12
2025-01-11 08:30,23639.895,16252.453,5903.197,13812.252,63,33,66
2025-01-11 08:45,23639.915,16252.453,5903.229,13812.252,34,45,36
2025-01-11 09:00,23639.944,16252.453,5903.271,13812.252,37,35,57
2025-01-11 09:15,23639.975,16252.453,5903.307,13812.252,31,36,48
2025-01-11 09:30,23639.975,16252.453,5903.377,13812.252,41,45,50
2025-01-11 09:45,23639.975,16252.453,5903.435,13812.252,2,15,33
2025-01-11 10:00,23639.982,16252.453,5903.499,13812.252,26,35,50
